name,circuit,runtime
baseline,and,0.019633512496948242
baseline,xor,0.022024950981140136
baseline,aes,5.322656664848328
baseline,mult,1.512533483505249
baseline,adder,0.9056706142425537
