case,runtime
sha256,12.851675820350646
aes,5.262345111370086
mult,1.498957085609436
adder,0.8623346567153931
sha1,5.655848336219788
