case,runtime
and,0.02234835147857666
xor,0.022051162719726562
aes,5.400470013618469
mult,1.51378568649292
adder,0.8807866382598877
