case,runtime
and,0.021863369941711425
xor,0.0177994966506958
aes,5.729029469490051
mult,1.6310236120224
adder,0.8992321825027466
