case,runtime
and,0.019633512496948242
xor,0.022024950981140136
aes,5.322656664848328
mult,1.512533483505249
adder,0.9056706142425537
