case,runtime
sha256,8.129906141757965
aes,4.261142635345459
mult,1.2954136967658996
adder,0.9089048981666565
sha1,3.48956755399704
