case,runtime
and,0.02306253433227539
xor,0.02345625877380371
aes,4.810799584388733
mult,1.3410983657836915
adder,0.8965725994110108
