case,runtime
and,0.02265312671661377
xor,0.02200489044189453
aes,4.331297001838684
mult,1.2907245397567748
adder,0.884427285194397
