case,runtime
sha256,10.825623452663422
aes,5.21057835817337
mult,1.4192795157432556
adder,0.8604442238807678
sha1,4.910150074958802
