case,runtime
and,0.023129081726074217
xor,0.022541322708129884
aes,5.188471841812134
mult,1.4407074117660523
adder,0.9254828453063965
