case,runtime
and,0.02273576259613037
xor,0.022341012954711914
aes,4.300929255485535
mult,1.177301163673401
adder,0.8921540069580078
