case,runtime
sha256,6.582243049144745
aes,4.298829674720764
mult,1.1917261719703673
adder,0.8913654208183288
sha1,2.8192070722579956
